t_s,phase,temp_c,arm_hz,core_v,throttled,load1,batt_pct,batt_uv
0,stress,40.8,1700021120,0.8520,0x0,0.00,99,3976000
5,stress,46.3,2400037120,0.8520,0x0,0.32,99,3909000
10,stress,46.9,2400020480,0.8520,0x0,0.62,99,3906000
16,stress,48.0,2400023808,0.8520,0x0,0.89,99,3900000
21,stress,48.0,2400033792,0.8520,0x0,1.14,99,3897000
26,stress,48.5,2400020480,0.8520,0x0,1.37,99,3902000
31,stress,48.5,2400020480,0.8520,0x0,1.58,99,3901000
36,stress,49.6,2400027136,0.8520,0x0,1.77,99,3900000
41,stress,49.0,2400027136,0.8520,0x0,1.95,99,3899000
46,stress,50.1,2400023808,0.8520,0x0,2.12,99,3898000
51,stress,50.1,2400030464,0.8520,0x0,2.27,99,3897000
56,stress,50.7,2400023808,0.8520,0x0,2.41,99,3898000
61,stress,51.2,2400027136,0.8520,0x0,2.53,99,3897000
66,stress,51.2,2400033792,0.8520,0x0,2.65,99,3897000
71,stress,51.2,2400030464,0.8520,0x0,2.76,99,3896000
77,stress,51.8,2400023808,0.8520,0x0,2.86,99,3895000
82,stress,52.4,2400033792,0.8520,0x0,2.95,99,3895000
87,stress,52.4,2400027136,0.8520,0x0,3.04,99,3891000
92,stress,52.9,2400027136,0.8520,0x0,3.11,99,3894000
97,stress,52.4,2400037120,0.8520,0x0,3.18,99,3894000
102,stress,52.4,2400020480,0.8520,0x0,3.25,99,3892000
107,stress,51.2,2400037120,0.8520,0x0,3.31,99,3891000
112,stress,52.4,2400033792,0.8520,0x0,3.37,99,3891000
117,stress,52.4,2400033792,0.8520,0x0,3.42,99,3887000
122,stress,52.9,2400023808,0.8520,0x0,3.46,99,3890000
127,stress,52.9,2400023808,0.8520,0x0,3.51,99,3887000
133,stress,53.5,2400033792,0.8520,0x0,3.55,99,3884000
138,stress,53.5,2400030464,0.8520,0x0,3.58,99,3885000
143,stress,51.8,2400030464,0.8520,0x0,3.62,99,3883000
148,stress,52.9,2400033792,0.8520,0x0,3.65,99,3886000
153,stress,52.9,2400023808,0.8520,0x0,3.68,99,3889000
158,stress,54.0,2400027136,0.8520,0x0,3.70,99,3889000
163,stress,54.0,2400037120,0.8520,0x0,3.73,99,3888000
168,stress,54.0,2400033792,0.8520,0x0,3.75,99,3886000
173,stress,54.0,2400030464,0.8520,0x0,3.77,99,3887000
178,stress,54.0,2400037120,0.8520,0x0,3.79,99,3887000
183,stress,53.5,2400033792,0.8520,0x0,3.80,99,3887000
189,stress,55.1,2400030464,0.8520,0x0,3.82,99,3881000
194,stress,54.5,2400023808,0.8520,0x0,3.83,99,3887000
199,stress,55.1,2400020480,0.8520,0x0,3.85,99,3880000
204,stress,55.6,2400037120,0.8520,0x0,3.86,99,3879000
209,stress,54.5,2400020480,0.8520,0x0,3.87,99,3886000
214,stress,55.1,2400020480,0.8520,0x0,3.88,99,3885000
219,stress,54.5,2400033792,0.8520,0x0,3.89,99,3885000
224,stress,55.1,2400033792,0.8520,0x0,3.90,99,3885000
229,stress,55.6,2400033792,0.8520,0x0,3.91,99,3885000
234,stress,55.6,2400020480,0.8520,0x0,4.00,99,3884000
239,stress,54.5,2400023808,0.8520,0x0,4.00,99,3878000
244,stress,55.1,2400033792,0.8520,0x0,4.00,99,3883000
250,stress,55.1,2400027136,0.8520,0x0,4.00,99,3884000
255,stress,55.1,2400033792,0.8520,0x0,4.00,99,3883000
260,stress,55.6,2400027136,0.8520,0x0,4.00,99,3880000
265,stress,55.1,2400037120,0.8520,0x0,4.00,99,3875000
270,stress,55.6,2400023808,0.8520,0x0,4.00,99,3881000
275,stress,55.1,2400033792,0.8520,0x0,4.00,99,3881000
280,stress,56.2,2400033792,0.8520,0x0,4.00,99,3881000
285,stress,56.2,2400030464,0.8520,0x0,4.00,99,3881000
290,stress,56.8,2400027136,0.8520,0x0,4.00,99,3881000
295,stress,55.6,2400027136,0.8520,0x0,4.00,99,3880000
300,stress,55.1,2400020480,0.8520,0x0,4.00,99,3880000
306,stress,56.2,2400020480,0.8520,0x0,4.00,98,3879000
311,stress,56.2,2400037120,0.8520,0x0,4.00,98,3873000
316,stress,56.2,2400037120,0.8520,0x0,4.00,98,3879000
321,stress,56.8,2400030464,0.8520,0x0,4.00,98,3879000
326,stress,56.8,2400017408,0.8520,0x0,4.00,98,3877000
331,stress,56.2,2400033792,0.8520,0x0,4.08,98,3877000
336,stress,56.8,2400023808,0.8520,0x0,4.07,98,3878000
341,stress,56.2,2400023808,0.8520,0x0,4.07,98,3879000
346,stress,56.8,2400033792,0.8520,0x0,4.06,98,3878000
351,stress,56.2,2400030464,0.8520,0x0,4.06,98,3877000
356,stress,57.3,2400030464,0.8520,0x0,4.05,98,3877000
362,stress,56.8,2400020480,0.8520,0x0,4.05,98,3876000
367,stress,56.2,2400030464,0.8520,0x0,4.04,98,3877000
372,stress,56.8,2400030464,0.8520,0x0,4.04,98,3875000
377,stress,56.2,2400030464,0.8520,0x0,4.04,98,3876000
382,stress,56.8,2400027136,0.8520,0x0,4.03,98,3874000
387,stress,56.8,2400020480,0.8520,0x0,4.11,98,3874000
392,stress,56.8,2400027136,0.8520,0x0,4.10,98,3875000
397,stress,56.8,2400027136,0.8520,0x0,4.09,98,3875000
402,stress,56.8,2400020480,0.8520,0x0,4.08,97,3874000
407,stress,56.8,2400030464,0.8520,0x0,4.08,97,3874000
412,stress,57.3,2400027136,0.8520,0x0,4.07,97,3873000
417,stress,56.8,2400023808,0.8520,0x0,4.07,97,3870000
423,stress,57.3,2400023808,0.8520,0x0,4.06,97,3872000
428,stress,57.3,2400033792,0.8520,0x0,4.06,97,3873000
433,stress,56.8,2400023808,0.8520,0x0,4.05,97,3873000
438,stress,56.8,2400023808,0.8520,0x0,4.05,97,3864000
443,stress,57.3,2400023808,0.8520,0x0,4.04,97,3864000
448,stress,57.3,2400020480,0.8520,0x0,4.04,97,3872000
453,stress,56.8,2400033792,0.8520,0x0,4.04,97,3873000
458,stress,57.9,2400027136,0.8520,0x0,4.03,97,3873000
463,stress,56.8,2400037120,0.8520,0x0,4.19,97,3869000
468,stress,57.3,2400037120,0.8520,0x0,4.17,97,3872000
473,stress,57.3,2400020480,0.8520,0x0,4.16,97,3870000
479,stress,57.3,2400020480,0.8520,0x0,4.15,97,3869000
484,stress,56.8,2400033792,0.8520,0x0,4.14,97,3870000
489,stress,57.9,2400033792,0.8520,0x0,4.12,97,3870000
494,stress,57.3,2400033792,0.8520,0x0,4.11,96,3869000
499,stress,58.4,2400020480,0.8520,0x0,4.10,96,3864000
504,stress,57.9,2400027136,0.8520,0x0,4.10,96,3863000
509,stress,56.8,2400023808,0.8520,0x0,4.09,96,3868000
514,stress,57.3,2400020480,0.8520,0x0,4.08,96,3867000
519,stress,57.9,2400023808,0.8520,0x0,4.07,96,3866000
524,stress,57.3,2400023808,0.8520,0x0,4.07,96,3868000
529,stress,59.0,2400017408,0.8520,0x0,4.06,96,3858000
534,stress,57.9,2400033792,0.8520,0x0,4.29,96,3864000
540,stress,57.3,2400020480,0.8520,0x0,4.27,96,3866000
545,stress,57.9,2400020480,0.8520,0x0,4.25,96,3865000
550,stress,57.9,2400027136,0.8520,0x0,4.23,96,3865000
555,stress,57.9,2400033792,0.8520,0x0,4.21,96,3866000
560,stress,58.4,2400020480,0.8520,0x0,4.19,96,3862000
565,stress,58.4,2400023808,0.8520,0x0,4.18,96,3862000
570,stress,57.9,2400033792,0.8520,0x0,4.16,96,3865000
575,stress,58.4,2400027136,0.8520,0x0,4.15,96,3863000
580,stress,57.3,2400030464,0.8520,0x0,4.14,96,3864000
585,stress,57.3,2400037120,0.8520,0x0,4.12,95,3864000
590,stress,57.9,2400030464,0.8520,0x0,4.11,95,3863000
596,stress,57.9,2400030464,0.8520,0x0,4.10,95,3856000
601,stress,58.4,2400020480,0.8520,0x0,4.10,95,3855000
606,stress,57.9,2400020480,0.8520,0x0,4.09,95,3863000
611,stress,57.9,2400027136,0.8520,0x0,4.16,95,3862000
616,stress,58.4,2400027136,0.8520,0x0,4.15,95,3861000
621,stress,59.0,2400027136,0.8520,0x0,4.14,95,3862000
626,stress,56.8,2400030464,0.8520,0x0,4.12,95,3862000
631,stress,57.3,2400020480,0.8520,0x0,4.44,95,3854000
636,stress,57.9,2400033792,0.8520,0x0,4.48,95,3859000
641,stress,57.3,2400023808,0.8520,0x0,4.44,95,3859000
646,stress,58.4,2400027136,0.8520,0x0,4.41,95,3853000
651,stress,58.4,2400020480,0.8520,0x0,4.37,95,3859000
657,stress,58.4,2400023808,0.8520,0x0,4.34,95,3858000
662,stress,57.9,2400023808,0.8520,0x0,4.32,95,3859000
667,stress,59.0,2400023808,0.8520,0x0,4.29,95,3858000
672,stress,59.0,2400030464,0.8520,0x0,4.27,95,3855000
677,stress,58.4,2400027136,0.8520,0x0,4.25,94,3854000
682,stress,58.4,2400033792,0.8520,0x0,4.23,94,3855000
687,stress,58.4,2400020480,0.8520,0x0,4.45,94,3857000
692,stress,60.0,2400027136,0.8520,0x0,4.41,94,3852000
697,stress,59.0,2400030464,0.8520,0x0,4.38,94,3856000
702,stress,58.4,2400027136,0.8520,0x0,4.35,94,3855000
707,stress,59.5,2400020480,0.8520,0x0,4.32,94,3857000
713,stress,58.4,2400027136,0.8520,0x0,4.29,94,3852000
718,stress,59.5,2400030464,0.8520,0x0,4.27,94,3856000
723,stress,58.4,2400023808,0.8520,0x0,4.25,94,3855000
728,stress,59.0,2400027136,0.8520,0x0,4.23,94,3855000
733,stress,59.5,2400027136,0.8520,0x0,4.21,94,3855000
738,stress,59.5,2400027136,0.8520,0x0,4.19,94,3850000
743,stress,59.0,2400033792,0.8520,0x0,4.18,94,3850000
748,stress,59.0,2400033792,0.8520,0x0,4.16,94,3855000
753,stress,59.5,2400023808,0.8520,0x0,4.15,94,3855000
758,stress,59.0,2400030464,0.8520,0x0,4.14,94,3851000
763,stress,59.0,2400023808,0.8520,0x0,4.13,94,3850000
769,stress,58.4,2400020480,0.8520,0x0,4.12,93,3854000
774,stress,59.5,2400030464,0.8520,0x0,4.11,93,3854000
779,stress,59.0,2400023808,0.8520,0x0,4.10,93,3853000
784,stress,59.0,2400023808,0.8520,0x0,4.09,93,3854000
789,stress,59.5,2400037120,0.8520,0x0,4.08,93,3854000
794,stress,59.0,2400027136,0.8520,0x0,4.08,93,3851000
799,stress,59.0,2400030464,0.8520,0x0,4.07,93,3847000
804,stress,59.5,2400023808,0.8520,0x0,4.06,93,3847000
809,stress,58.4,2400030464,0.8520,0x0,4.06,93,3853000
814,stress,59.5,2400033792,0.8520,0x0,4.05,93,3852000
819,stress,59.5,2400017408,0.8520,0x0,4.05,93,3853000
825,stress,59.5,2400037120,0.8520,0x0,4.04,93,3851000
830,stress,57.9,2400020480,0.8520,0x0,4.04,93,3851000
835,stress,59.0,2400033792,0.8520,0x0,4.04,93,3851000
840,stress,59.0,2400023808,0.8520,0x0,4.10,93,3851000
845,stress,58.4,2400033792,0.8520,0x0,4.10,93,3850000
850,stress,59.0,2400023808,0.8520,0x0,4.09,93,3850000
855,stress,59.5,2400033792,0.8520,0x0,4.08,93,3851000
860,stress,60.0,2400033792,0.8520,0x0,4.07,92,3848000
865,stress,59.0,2400030464,0.8520,0x0,4.07,92,3850000
870,stress,59.5,2400023808,0.8520,0x0,4.06,92,3848000
875,stress,59.5,2400030464,0.8520,0x0,4.06,92,3847000
880,stress,59.0,2400020480,0.8520,0x0,4.05,92,3850000
886,stress,59.0,2400030464,0.8520,0x0,4.05,92,3847000
891,stress,59.0,2400033792,0.8520,0x0,4.04,92,3847000
896,stress,59.0,2400020480,0.8520,0x0,4.04,92,3843000
901,stress,59.0,2400020480,0.8520,0x0,4.04,92,3848000
906,stress,59.5,2400023808,0.8520,0x0,4.03,92,3848000
911,stress,59.5,2400033792,0.8520,0x0,4.03,92,3848000
916,stress,60.0,2400020480,0.8520,0x0,4.03,92,3847000
921,stress,59.0,2400027136,0.8520,0x0,4.03,92,3846000
926,stress,59.5,2400033792,0.8520,0x0,4.02,92,3847000
931,stress,60.0,2400023808,0.8520,0x0,4.02,92,3845000
936,stress,60.0,2400017408,0.8520,0x0,4.02,92,3846000
941,stress,60.0,2400023808,0.8520,0x0,4.02,92,3844000
947,stress,59.0,2400023808,0.8520,0x0,4.02,92,3844000
952,stress,59.0,2400027136,0.8520,0x0,4.01,91,3844000
957,stress,59.5,2400027136,0.8520,0x0,4.01,91,3840000
962,stress,60.0,2400027136,0.8520,0x0,4.01,91,3840000
967,stress,60.0,2400033792,0.8520,0x0,4.09,91,3844000
972,stress,60.0,2400027136,0.8520,0x0,4.08,91,3843000
977,stress,59.5,2400020480,0.8520,0x0,4.08,91,3842000
982,stress,59.5,2400033792,0.8520,0x0,4.07,91,3841000
987,stress,60.0,2400027136,0.8520,0x0,4.06,91,3842000
992,stress,59.0,2400020480,0.8520,0x0,4.06,91,3842000
997,stress,60.0,2400030464,0.8520,0x0,4.05,91,3843000
1002,stress,60.0,2400033792,0.8520,0x0,4.05,91,3841000
1008,stress,60.0,2400033792,0.8520,0x0,4.05,91,3842000
1013,stress,59.5,2400017408,0.8520,0x0,4.04,91,3841000
1018,stress,59.0,2400033792,0.8520,0x0,4.04,91,3842000
1023,stress,59.0,2400033792,0.8520,0x0,4.03,91,3841000
1028,stress,59.5,2400020480,0.8520,0x0,4.03,91,3842000
1033,stress,59.5,2400020480,0.8520,0x0,4.03,91,3840000
1038,stress,60.0,2400027136,0.8520,0x0,4.03,91,3833000
1043,stress,60.0,2400030464,0.8520,0x0,4.02,90,3831000
1048,stress,59.5,2400033792,0.8520,0x0,4.02,90,3840000
1053,stress,60.6,2400033792,0.8520,0x0,4.02,90,3835000
1058,stress,59.5,2400023808,0.8520,0x0,4.02,90,3832000
1064,stress,60.6,2400020480,0.8520,0x0,4.02,90,3832000
1069,stress,60.0,2400027136,0.8520,0x0,4.02,90,3831000
1074,stress,60.0,2400027136,0.8520,0x0,4.01,90,3832000
1079,stress,60.0,2400030464,0.8520,0x0,4.01,90,3831000
1084,stress,60.0,2400033792,0.8520,0x0,4.01,90,3832000
1089,stress,61.1,2400033792,0.8520,0x0,4.09,90,3833000
1094,stress,60.6,2400023808,0.8520,0x0,4.08,90,3831000
1099,stress,60.0,2400030464,0.8520,0x0,4.08,90,3829000
1104,stress,60.0,2400033792,0.8520,0x0,4.07,90,3831000
1109,stress,60.6,2400030464,0.8520,0x0,4.06,90,3828000
1114,stress,61.1,2400020480,0.8520,0x0,4.06,90,3834000
1119,stress,60.0,2400033792,0.8520,0x0,4.13,90,3833000
1125,stress,60.6,2400033792,0.8520,0x0,4.12,90,3829000
1130,stress,60.6,2400033792,0.8520,0x0,4.11,90,3831000
1135,stress,60.0,2400037120,0.8520,0x0,4.10,89,3833000
1140,stress,60.6,2400027136,0.8520,0x0,4.10,89,3831000
1145,stress,60.0,2400033792,0.8520,0x0,4.09,89,3831000
1150,stress,60.0,2400030464,0.8520,0x0,4.29,89,3832000
1155,stress,60.6,2400020480,0.8520,0x0,4.27,89,3831000
1160,stress,60.6,2400030464,0.8520,0x0,4.25,89,3830000
1165,stress,60.6,2400033792,0.8520,0x0,4.23,89,3828000
1170,stress,60.6,2400030464,0.8520,0x0,4.21,89,3829000
1175,stress,60.0,2400030464,0.8520,0x0,4.19,89,3829000
1180,stress,60.0,2400023808,0.8520,0x0,4.18,89,3826000
1186,stress,59.0,2400030464,0.8520,0x0,4.16,89,3829000
1191,stress,60.0,2400033792,0.8520,0x0,4.15,89,3828000
1196,stress,60.6,2400030464,0.8520,0x0,4.14,89,3821000
1201,stress,59.0,2400020480,0.8520,0x0,4.13,89,3826000
1206,stress,60.6,2400023808,0.8520,0x0,4.12,89,3826000
1211,stress,60.0,2400030464,0.8520,0x0,4.27,89,3826000
1216,stress,60.6,2400020480,0.8520,0x0,4.25,89,3823000
1221,stress,60.6,2400030464,0.8520,0x0,4.23,89,3823000
1226,stress,59.0,2400023808,0.8520,0x0,4.21,88,3824000
1231,stress,60.6,2400027136,0.8520,0x0,4.19,88,3823000
1236,stress,60.6,2400020480,0.8520,0x0,4.17,88,3824000
1242,stress,60.0,2400033792,0.8520,0x0,4.16,88,3823000
1247,stress,60.6,2400030464,0.8520,0x0,4.15,88,3822000
1252,stress,60.6,2400020480,0.8520,0x0,4.14,88,3822000
1257,stress,59.5,2400023808,0.8520,0x0,4.12,88,3817000
1262,stress,60.6,2400017408,0.8520,0x0,4.11,88,3820000
1267,stress,60.0,2400030464,0.8520,0x0,4.10,88,3820000
1272,stress,60.0,2400020480,0.8520,0x0,4.10,88,3818000
1277,stress,60.6,2400027136,0.8520,0x0,4.09,88,3817000
1282,stress,60.6,2400027136,0.8520,0x0,4.08,88,3817000
1287,stress,59.0,2400027136,0.8520,0x0,4.07,88,3818000
1292,stress,60.0,2400020480,0.8520,0x0,4.07,88,3818000
1298,stress,61.1,2400020480,0.8520,0x0,4.06,88,3817000
1303,stress,60.0,2400023808,0.8520,0x0,4.06,88,3815000
1308,stress,61.1,2400027136,0.8520,0x0,4.05,88,3814000
1313,stress,61.1,2400020480,0.8520,0x0,4.05,88,3814000
1318,stress,61.1,2400030464,0.8520,0x0,4.04,87,3815000
1323,stress,60.0,2400023808,0.8520,0x0,4.04,87,3814000
1328,stress,60.6,2400020480,0.8520,0x0,4.04,87,3814000
1333,stress,60.6,2400020480,0.8520,0x0,4.03,87,3812000
1338,stress,60.6,2400033792,0.8520,0x0,4.03,87,3804000
1343,stress,60.6,2400020480,0.8520,0x0,4.03,87,3804000
1348,stress,60.0,2400033792,0.8520,0x0,4.02,87,3812000
1353,stress,60.6,2400023808,0.8520,0x0,4.10,87,3811000
1359,stress,61.1,2400033792,0.8520,0x0,4.09,87,3810000
1364,stress,61.1,2400017408,0.8520,0x0,4.09,87,3809000
1369,stress,61.1,2400020480,0.8520,0x0,4.08,87,3809000
1374,stress,61.1,2400030464,0.8520,0x0,4.07,87,3806000
1379,stress,60.6,2400023808,0.8520,0x0,4.07,87,3808000
1384,stress,60.0,2400023808,0.8520,0x0,4.06,87,3807000
1389,stress,61.1,2400033792,0.8520,0x0,4.06,87,3806000
1394,stress,60.6,2400030464,0.8520,0x0,4.05,87,3806000
1399,stress,60.6,2400023808,0.8520,0x0,4.05,87,3797000
1404,stress,60.6,2400023808,0.8520,0x0,4.04,86,3795000
1409,stress,61.7,2400033792,0.8520,0x0,4.04,86,3804000
1415,stress,61.1,2400030464,0.8520,0x0,4.04,86,3801000
1420,stress,60.6,2400033792,0.8520,0x0,4.03,86,3802000
1425,stress,61.1,2400030464,0.8520,0x0,4.03,86,3801000
1430,stress,61.1,2400030464,0.8520,0x0,4.03,86,3799000
1435,stress,60.6,2400037120,0.8520,0x0,4.02,86,3799000
1440,stress,61.1,2400017408,0.8520,0x0,4.02,86,3799000
1445,stress,61.1,2400027136,0.8520,0x0,4.02,86,3798000
1450,stress,61.7,2400030464,0.8520,0x0,4.02,86,3797000
1455,stress,60.6,2400030464,0.8520,0x0,4.17,86,3795000
1460,stress,61.1,2400027136,0.8520,0x0,4.16,86,3792000
1465,stress,61.1,2400017408,0.8520,0x0,4.14,86,3793000
1470,stress,61.7,2400020480,0.8520,0x0,4.13,86,3788000
1476,stress,61.7,2400020480,0.8520,0x0,4.12,86,3791000
1481,stress,60.6,2400020480,0.8520,0x0,4.11,86,3790000
1486,stress,61.1,2400033792,0.8520,0x0,4.10,86,3789000
1491,stress,61.7,2400033792,0.8520,0x0,4.09,86,3789000
1496,stress,60.6,2400037120,0.8520,0x0,4.09,85,3787000
1501,stress,61.1,2400020480,0.8520,0x0,4.08,85,3788000
1506,stress,59.0,2400027136,0.8520,0x0,4.07,85,3787000
1511,stress,60.6,2400027136,0.8520,0x0,4.07,85,3785000
1516,stress,61.1,2400027136,0.8520,0x0,4.06,85,3785000
1521,stress,60.0,2400030464,0.8520,0x0,4.06,85,3785000
1526,stress,60.6,2400027136,0.8520,0x0,4.05,85,3784000
1532,stress,59.5,2400037120,0.8520,0x0,4.05,85,3782000
1537,stress,61.1,2400030464,0.8520,0x0,4.04,85,3782000
1542,stress,61.7,2400037120,0.8520,0x0,4.04,85,3781000
1547,stress,60.6,2400023808,0.8520,0x0,4.04,85,3782000
1552,stress,61.1,2400020480,0.8520,0x0,4.03,85,3780000
1557,stress,61.1,2400033792,0.8520,0x0,4.03,85,3777000
1562,stress,60.6,2400023808,0.8520,0x0,4.03,85,3778000
1567,stress,62.2,2400033792,0.8520,0x0,4.11,85,3778000
1572,stress,60.6,2400030464,0.8520,0x0,4.10,85,3777000
1577,stress,62.2,2400030464,0.8520,0x0,4.09,85,3775000
1582,stress,61.7,2400023808,0.8520,0x0,4.08,85,3775000
1588,stress,61.7,2400020480,0.8520,0x0,4.07,84,3776000
1593,stress,61.1,2400027136,0.8520,0x0,4.07,84,3775000
1598,stress,61.1,2400037120,0.8520,0x0,4.06,84,3773000
1603,stress,61.1,2400027136,0.8520,0x0,4.06,84,3774000
1608,stress,61.1,2400020480,0.8520,0x0,4.05,84,3773000
1613,stress,61.7,2400023808,0.8520,0x0,4.05,84,3770000
1618,stress,61.1,2400027136,0.8520,0x0,4.04,84,3765000
1623,stress,60.0,2400037120,0.8520,0x0,4.04,84,3771000
1628,stress,61.1,2400027136,0.8520,0x0,4.04,84,3770000
1633,stress,60.6,2400020480,0.8520,0x0,4.03,84,3770000
1638,stress,61.1,2400020480,0.8520,0x0,4.03,84,3762000
1644,stress,61.7,2400023808,0.8520,0x0,4.11,84,3760000
1649,stress,60.6,2400023808,0.8520,0x0,4.10,84,3768000
1654,stress,61.1,2400023808,0.8520,0x0,4.09,84,3765000
1659,stress,61.1,2400027136,0.8520,0x0,4.08,84,3766000
1664,stress,61.7,2400033792,0.8520,0x0,4.08,84,3766000
1669,stress,61.7,2400033792,0.8520,0x0,4.07,84,3766000
1674,stress,61.1,2400020480,0.8520,0x0,4.06,83,3765000
1679,stress,60.6,2400037120,0.8520,0x0,4.06,83,3763000
1684,stress,61.1,2400027136,0.8520,0x0,4.05,83,3763000
1689,stress,61.1,2400023808,0.8520,0x0,4.05,83,3760000
1695,stress,61.1,2400037120,0.8520,0x0,4.05,83,3759000
1700,stress,61.7,2400017408,0.8520,0x0,4.04,83,3759000
1705,stress,61.1,2400023808,0.8520,0x0,4.04,83,3757000
1710,stress,61.1,2400023808,0.8520,0x0,4.04,83,3757000
1715,stress,61.1,2400023808,0.8520,0x0,4.03,83,3756000
1720,stress,61.1,2400023808,0.8520,0x0,4.03,83,3758000
1725,stress,60.6,2400027136,0.8520,0x0,4.03,83,3751000
1730,stress,61.1,2400030464,0.8520,0x0,4.02,83,3754000
1735,stress,61.1,2400030464,0.8520,0x0,4.02,83,3755000
1740,stress,61.1,2400023808,0.8520,0x0,4.17,83,3754000
1746,stress,60.6,2400023808,0.8520,0x0,4.16,83,3754000
1751,stress,61.7,2400030464,0.8520,0x0,4.15,83,3754000
1756,stress,61.1,2400033792,0.8520,0x0,4.13,83,3751000
1761,stress,61.7,2400027136,0.8520,0x0,4.12,82,3753000
1766,stress,61.1,2400030464,0.8520,0x0,4.11,82,3753000
1771,stress,60.6,2400033792,0.8520,0x0,4.10,82,3751000
1776,stress,60.0,2400030464,0.8520,0x0,4.10,82,3749000
1781,stress,61.7,2400020480,0.8520,0x0,4.09,82,3749000
1786,stress,61.1,2400020480,0.8520,0x0,4.08,82,3748000
1791,stress,61.1,2400033792,0.8520,0x0,4.07,82,3748000
1796,stress,60.6,2400033792,0.8520,0x0,4.07,82,3748000
